id,title,text,subreddit,score,num_comments,created_utc,url,platform
18da1zl,Some test commands,"

Command | Description
-------|-----------
`!cqs` | Get your current [Contributor Quality Score](https://www.reddit.com/r/modnews/comments/16is6dh/contributor_quality_score_available_to_all/).
`!ping` | pong
`!autoremove` | Any post or comment containing this command will automatically be removed.
`!remove` | Replying to your own post with this will cause it to be removed.


Let me know if there are any others that might be useful for testing stuff.",test,22,731,2023-12-07 19:29:02,https://www.reddit.com/r/test/comments/18da1zl/some_test_commands/,reddit
1h0nnzx,My First post,Is it correct? ,test,1,0,2024-11-26 16:41:46,https://i.redd.it/btaeq4tqfb3e1.jpeg,reddit
1h0nby3,Test,,test,1,0,2024-11-26 16:27:45,https://www.reddit.com/r/test/comments/1h0nby3/test/,reddit
1h0jp0c,Test,I miss Twilight ,test,1,0,2024-11-26 13:59:52,https://www.reddit.com/gallery/1h0jp0c,reddit
1h0jfx3,img,# Title,test,1,0,2024-11-26 13:49:26,https://www.reddit.com/r/test/comments/1h0jfx3/img/,reddit
1h0j14n,Test,Test,test,1,0,2024-11-26 13:33:09,https://www.reddit.com/r/test/comments/1h0j14n/test/,reddit
1h0i5hx,ReflexÃ£o PolÃ­tica:,"A paz se constrÃ³i com diÃ¡logo e inclusÃ£o, nÃ£o com armas e repressÃ£o.",test,1,0,2024-11-26 12:58:51,https://www.reddit.com/r/test/comments/1h0i5hx/reflexÃ£o_polÃ­tica/,reddit
1h0h15h,Try,Bb,test,1,0,2024-11-26 12:13:51,https://www.reddit.com/r/test/comments/1h0h15h/try/,reddit
1h0h0zd,Try,,test,1,0,2024-11-26 12:13:38,https://www.reddit.com/r/test/comments/1h0h0zd/try/,reddit
1h0h0rc,Try,Bb,test,1,0,2024-11-26 12:13:24,https://www.reddit.com/r/test/comments/1h0h0rc/try/,reddit
1h0bnut,test video preview,,test,1,0,2024-11-26 08:18:28,https://v.redd.it/qcenm7mrx83e1,reddit
1h07ii3,frizerly,frizerly,test,2,0,2024-11-26 03:54:01,https://www.reddit.com/r/test/comments/1h07ii3/frizerly/,reddit
1h0aqsi,Can anyone see this,Test,test,1,3,2024-11-26 07:30:34,https://www.reddit.com/r/test/comments/1h0aqsi/can_anyone_see_this/,reddit
1h06vct,test,testered,test,2,21,2024-11-26 03:05:59,https://www.reddit.com/r/test/comments/1h06vct/test/,reddit
1h09ifg,CQS,!cqs,test,1,1,2024-11-26 06:17:11,https://www.reddit.com/r/test/comments/1h09ifg/cqs/,reddit
1h085aa,New post test comment 26/11/2024 09:41:08,,test,1,1,2024-11-26 04:42:12,https://www.reddit.com/r/test/comments/1h085aa/new_post_test_comment_26112024_094108/,reddit
1h077qw,New post test comment 26/11/2024 08:29:55,,test,1,1,2024-11-26 03:31:09,https://www.reddit.com/r/test/comments/1h077qw/new_post_test_comment_26112024_082955/,reddit
1h06jwj,a," test  >!aa   !< 

||||
|:-|:-|:-|
||||
||||

",test,1,0,2024-11-26 02:43:38,https://www.reddit.com/r/test/comments/1h06jwj/a/,reddit
1h06efq,New post test comment 26/11/2024 07:31:17,,test,1,1,2024-11-26 02:32:30,https://www.reddit.com/r/test/comments/1h06efq/new_post_test_comment_26112024_073117/,reddit
1h05oz9,testing 5,test,test,1,0,2024-11-26 01:42:45,https://www.reddit.com/r/test/comments/1h05oz9/testing_5/,reddit
1h05mc6,New post test comment 26/11/2024 06:36:45,,test,1,1,2024-11-26 01:37:51,https://www.reddit.com/r/test/comments/1h05mc6/new_post_test_comment_26112024_063645/,reddit
1gzxmjo,test,,test,3,1,2024-11-25 18:41:32,https://v.redd.it/cwlm4545w43e1,reddit
1h04kh6,New post test comment 26/11/2024 05:30:18,,test,1,2,2024-11-26 00:31:34,https://www.reddit.com/r/test/comments/1h04kh6/new_post_test_comment_26112024_053018/,reddit
1h03uen,New post test comment 26/11/2024 04:48:31,,test,1,1,2024-11-25 23:50:08,https://www.reddit.com/r/test/comments/1h03uen/new_post_test_comment_26112024_044831/,reddit
1h03hn1,Is Namibia going to elect its first female leader?,,test,1,0,2024-11-25 23:30:03,https://www.bbc.com/news/articles/cwy5z9enx0do,reddit
1h03hmu,Israel cabinet to meet to discuss Lebanon ceasefire deal,,test,1,0,2024-11-25 23:30:03,https://www.bbc.com/news/articles/c93qe2v1n3eo,reddit
1h02c81,Test,,test,1,1,2024-11-25 22:28:29,https://i.redd.it/pfh0ridm063e1.jpeg,reddit
1gzngc6,Test,Testing ,test,5,6,2024-11-25 11:51:40,https://www.reddit.com/r/test/comments/1gzngc6/test/,reddit
1gzv0l4,image test,,test,2,1,2024-11-25 16:50:49,https://www.reddit.com/gallery/1gzv0l4,reddit
1gzx96v,Test123,,test,1,0,2024-11-25 18:24:54,https://www.reddit.com/r/test/comments/1gzx96v/test123/,reddit
1gzqko1,aaaaaa,"https://preview.redd.it/9k626w2rg33e1.png?width=661&format=png&auto=webp&s=95f8dbba43996c15670454bca0ccea8e571c1621

",test,2,0,2024-11-25 13:53:12,https://www.reddit.com/r/test/comments/1gzqko1/aaaaaa/,reddit
1gzt28v,Alarmo but it's really good!!!,,test,1,0,2024-11-25 15:33:06,https://youtu.be/HCdtUAp94F0,reddit
1gzslor,UH ,uhhh... I erm...,test,1,0,2024-11-25 15:14:37,https://www.reddit.com/r/test/comments/1gzslor/uh/,reddit
1gzsdwu,testing image upload,,test,1,1,2024-11-25 15:06:07,https://i.redd.it/kkqro7hrt33e1.jpeg,reddit
1gzscsi,UL test - Two Tickets To Paradise..,"https://preview.redd.it/vwu9l3y9u33e1.png?width=341&format=png&auto=webp&s=fad6c78a3a7598096d6af4ee380256cef5069b3a

* Kajagoogoo - Hang On Now \[Extended Version\]; So80s Presents: Kajagoogoo
* Cherrelle With Alexander O'Neal - Saturday Love \[Instrumental\]; Saturday Love \[US 12""\]
* The Alan Parsons Project - To One In Paradise; Tales Of Mystery And Imagination
* Roxy Music - Ain't That So; Manifesto
* Quarterflash - Cruisin' With The Deuce; Quarterflash
* Sylvia Striplin - You Said; Give Me Your Love
* The Smiths - What Difference Does It Make?; The Smiths
* Olivia Newton-John - Soul Kiss \[Extended Dance Mix\]; Soul Kiss \[US 12""\]
* Donald Byrd & 125th Street, N.Y.C. - Love For Sale; Love Byrd
* Eurythmics - Here Comes That Sinking Feeling; Would I Lie To You? \[US 12""\]
* Grace Jones - Me! I Disconnect From You; Nightclubbing
* Eddie Money - Two Tickets To Paradise; Eddie Money
* Poison Girls - Tender Love; Statement | Poisonous
* The Pretenders - Up The Neck \[BBC In Session: The Kid Jenson Show, 02.05.79\]; Pretenders
* Ashford & Simpson - Anywhere; Gimme Something Real
* Kiss - Young And Wasted; Lick It Up

...",test,1,0,2024-11-25 15:04:50,https://www.reddit.com/r/test/comments/1gzscsi/ul_test_two_tickets_to_paradise/,reddit
1gzqo2t,bbb,"https://preview.redd.it/lch62erfh33e1.png?width=631&format=png&auto=webp&s=e8bf635644a22b49bfeb5b73abc08f9ff08ec612

",test,1,0,2024-11-25 13:57:02,https://www.reddit.com/r/test/comments/1gzqo2t/bbb/,reddit
1gzqh46,!ping,,test,1,2,2024-11-25 13:49:14,https://www.reddit.com/r/test/comments/1gzqh46/ping/,reddit
1gzn8e8,skincare ai,skincare gpt,test,0,1,2024-11-25 11:42:55,https://www.reddit.com/r/test/comments/1gzn8e8/skincare_ai/,reddit
1gzn5vs,"These highland cow ornaments are the perfect gift for the cow lover in your life!                        
Full disclosure my wife makes and sells these - but I still wanted to share and support her!
https://www.amazon.com/dp/B0BNPG616D?th=1",,test,1,0,2024-11-25 11:40:09,https://i.redd.it/7da7cpoos23e1.jpeg,reddit
1gzn3ez,test,,test,1,1,2024-11-25 11:37:22,https://i.redd.it/oaa847mis23e1.jpeg,reddit
1gzn22r,test,"https://preview.redd.it/lgo2xrles23e1.jpg?width=1500&format=pjpg&auto=webp&s=4b05b9338f0b10323662e1f85ef24c210bf1e1d3

",test,1,0,2024-11-25 11:35:52,https://www.reddit.com/r/test/comments/1gzn22r/test/,reddit
1gzn14u,test,,test,1,1,2024-11-25 11:34:46,https://www.amazon.com/dp/B0BNPG616D?th=1,reddit
1gzn0w6,The curest higlhand cow!,[https://www.amazon.com/dp/B0BNPG616D?th=1](https://www.amazon.com/dp/B0BNPG616D?th=1),test,0,2,2024-11-25 11:34:29,https://www.reddit.com/r/test/comments/1gzn0w6/the_curest_higlhand_cow/,reddit
1gzleu5,Test Submission,,test,1,0,2024-11-25 10:28:08,https://reddit.com,reddit
1gzjp68,bot test 3,,test,1,2,2024-11-25 09:11:55,https://www.reddit.com/r/test/comments/1gzjp68/bot_test_3/,reddit
1gzdh9a,New post test comment 25/11/2024 07:29:55,,test,2,2,2024-11-25 02:31:11,https://www.reddit.com/r/test/comments/1gzdh9a/new_post_test_comment_25112024_072955/,reddit
1gzflyh,Validating HTTP Response Codes in Automated Testing Using Webship-js,,test,1,0,2024-11-25 05:10:40,/r/Webshipco/comments/1gzfky6/validating_http_response_codes_in_automated/,reddit
1gzf7oj,New post test comment 25/11/2024 09:40:13,,test,1,2,2024-11-25 04:41:15,https://www.reddit.com/r/test/comments/1gzf7oj/new_post_test_comment_25112024_094013/,reddit
1gzbrsn,Test Submission BALLS,,test,2,0,2024-11-25 00:36:47,https://reddit.com,reddit
1gze9g7,New post test comment 25/11/2024 08:26:57,,test,1,1,2024-11-25 03:28:33,https://www.reddit.com/r/test/comments/1gze9g7/new_post_test_comment_25112024_082657/,reddit
1gzanl1,Far-right candidate takes shock lead in Romania presidential election,,test,2,0,2024-11-24 23:30:03,https://www.bbc.com/news/articles/c9dlw5pq967o,reddit
1gzcoyl,New post test comment 25/11/2024 06:35:20,,test,1,1,2024-11-25 01:36:24,https://www.reddit.com/r/test/comments/1gzcoyl/new_post_test_comment_25112024_063520/,reddit
1gzbogn,New post test comment 25/11/2024 05:29:51,,test,1,1,2024-11-25 00:31:05,https://www.reddit.com/r/test/comments/1gzbogn/new_post_test_comment_25112024_052951/,reddit
1gzanlz,Why Indians are risking it all to chase the American Dream,,test,1,0,2024-11-24 23:30:05,https://www.bbc.com/news/articles/cx2ld7r4432o,reddit
1gzanls,â€˜Pregnantâ€™ for 15 months: Inside the 'miracle' pregnancy scam,,test,1,0,2024-11-24 23:30:05,https://www.bbc.com/news/articles/c78dyryreyxo,reddit
1gzanlm,Drone footage shows huge fire engulfing Manila shanty town,,test,1,0,2024-11-24 23:30:04,https://www.bbc.com/news/videos/cz6jzd3zyx1o,reddit
1gzanl9,Hezbollah fires rocket barrages into Israel after deadly Beirut strikes,,test,1,0,2024-11-24 23:30:04,https://www.bbc.com/news/articles/c3vl4w36wypo,reddit
1gzaahz,Test Submission,,test,1,0,2024-11-24 23:08:37,https://reddit.com,reddit
1gza8h8,Test Submission,,test,1,0,2024-11-24 23:05:18,https://reddit.com,reddit
1gza7es,Test Submission,,test,1,0,2024-11-24 23:03:36,https://reddit.com,reddit
1gza6z4,Test Submission,,test,1,0,2024-11-24 23:02:56,https://reddit.com,reddit
1gza0f5,Test Submission,,test,1,0,2024-11-24 22:52:39,https://reddit.com,reddit
1gza00g,Test Submission,,test,1,0,2024-11-24 22:52:02,https://reddit.com,reddit
1gz9w85,New post test comment 25/11/2024 03:45:16,,test,1,1,2024-11-24 22:46:19,https://www.reddit.com/r/test/comments/1gz9w85/new_post_test_comment_25112024_034516/,reddit
1gz9uxh,Test Submission,,test,1,0,2024-11-24 22:44:17,https://reddit.com,reddit
1gz4uve,Audio Switches,,test,2,0,2024-11-24 18:32:43,https://i.redd.it/4h4xpw4ppx2e1.jpeg,reddit
1gz98w2,Megan Nicole - Silver Medal (Official Music Video) - YouTube Music,,test,1,0,2024-11-24 22:10:55,https://music.youtube.com/samples/KyPb6vLs11w?si=-L860neIiOhe_Ag1,reddit
1gz93sh,Test,"Recovery of addiction
Additional recovery
Streams ministry
Ministry of streams
Living stream ministry
Additional ministry",test,1,0,2024-11-24 22:03:36,https://www.reddit.com/r/test/comments/1gz93sh/test/,reddit
1gz73ri,Testing ,MUSTARD!!!!!,test,0,0,2024-11-24 20:19:39,https://www.reddit.com/r/test/comments/1gz73ri/testing/,reddit
1gz4jcz,testing,,test,1,0,2024-11-24 18:18:12,https://www.reddit.com/r/test/comments/1gz4jcz/testing/,reddit
1gz3nbx,woel,,test,0,0,2024-11-24 17:37:43,https://www.reddit.com/r/test/comments/1gz3nbx/woel/,reddit
1gywa7d,Testing. ,"MASSIVE UPDATE:Â 

Intrigued by OPs questions and what I learned last night research, I got up early and did more research, wondering why this Department of all would be targeted for dissolution.Â  TL;DR: Culture War, but also please change my mind. Â  Â  But first, a few disclaimers:Â 

1. I am biased. Itâ€™s important to always assume that data presented to you is biased and incomplete.Â  In this case, I can assure you that this posting, and the post I made last night, are both biased and incomplete. Â  My biases are as diverse as my own background:Â 

\- An extended family that includes religious white conservatives,Â  but also gay, black and hispanic members and at least three religions in our family

\- Being a registered Democrat,Â 

\-Being the beneficiary of Federal Education loans and grants, the beneficiary of Federal benefits such as the GI Bill, a VA hone loa

\- Surely many, many others biases that I am probably not even aware of - that is, I am human and approaching this topic from a point of genuine curiosity, but am still tainting it with my own beliefs.Â 

2. This is incomplete, and Iâ€™m just a random internet guy.Â  I assure that despite the length of my post, is it vastly incomplete and non-authoritative. Â  I have no scholarly nor professional tangents to Education other than my time as a student in the American public school system and our University system.Â  Â  I have not taken the time to research the protocols of academic study and writing, and make no attempt here to be exhaustive.Â  I am a dude on the internet just googling stuff and writing.Â  I would love professional educators, critics, policy makers or others with more insight, experience and data to respond; please counterpoint, underscore, expand or negate; this is how we learn.Â 

3. Some of the text in here is directly pasted from official archive scans of originally printed material.Â  It is subject to the limitations of OCR and resulted in many words being incorrectly interpreted, and formatting issues.Â  I have cleaned those up as much as possible.Â 

4. Finally, Redditâ€™s inline editor just sucks when dealing with large comments.Â  It fails continuously, providing zero use feedback into the cause of failure other than just â€œSomething went wrongâ€.Â  I have written this outside of Reddit and am simply copying and pasting into Redditâ€™s editors.Â  I have embedded sources into my textÂ  but am unapologetically not creating HREFâ€™s out of them in Redditâ€™s editor.Â  Since they are full URLs your browser surely will.Â  Personally I prefer formatting in this way as you can see the source without having to click on its display text.Â  It has taken me a non-trivial number of attempts at formatting this in a way it likes to get it to save.Â 

Now, my major update:Â 

\_\_\_\_\_\_\_\_\_\_\_\_\_\_\_\_\_\_\_\_\_\_\_\_\_\_\_\_\_\_\_\_\_\_\_\_

I had originally written that the Department of Education was formed in 1979 by Carter, but it was actually originally created by Andrew Jackson in 1867.Â  This Politico Article titled â€œKill the Department of Ed. ? Itâ€™s been done.â€Â  explores the formation of the Department and how it immediately became embroiled in Reconstruction Era politics of Federal versus States power, and unsurprisingly, race politics as the South did strove to maintain the vestiges of slavery. [https://www.history.com/news/black-codes-reconstruction-slavery](https://www.history.com/news/black-codes-reconstruction-slavery). Â  The original Department, with only 4 employees tasked with merely gathering data, wasÂ  shuttered very shortly after its formation. Â 



For the next hundred years, the Federal government stepped in with individual Acts for Education reform as crisis response. This does not mean that it was ignored at the Federal level; in 1946 Harry Truman formed the Presidentâ€™s Commission on Higher Education, which resulted in the 1947 paper â€œHigher Education for American Democracyâ€. (United States Archives [https://ia801506.us.archive.org/25/items/in.ernet.dli.2015.89917/2015.89917.Higher-Education-For-American-Democracy-A-Report-Of-The-Presidents-Commission-On-Higher-Education-Vol-I---Vi\_text.pdf](https://ia801506.us.archive.org/25/items/in.ernet.dli.2015.89917/2015.89917.Higher-Education-For-American-Democracy-A-Report-Of-The-Presidents-Commission-On-Higher-Education-Vol-I---Vi_text.pdf)) .Â  This itself seems to be spurred by crisis as the the report frequently cites frustrating ineffective, resourcing shortfalls and other issues amongst increased demand as veterans return home from World War II with their newly formed â€œG.I. Bill of Rightsâ€ and the â€œVeterans Rehabilitation Actâ€.Â 

A critical aspect of this report is the section â€œBARRIERS TO EQUAL OPPORTUNITYâ€ which plainly states

â€œOne of the gravest charges to which American society is subject is that of failing to provide a reasonable equality of educational opportunity for its youth and girls, the kind and amount of education they may hope to atain depends, not on their own abilities, but on the family or community into which they happened to be born or, worse still, on the color of their skin or the religion of their parents.â€

As part of this section, the report explores the regional variances in education, drawing correlation between state income and youth population to its educational quality.Â  In this section it highlights the high population growth in the South coupled with its low income and the correlation to reduced spending per student and states that â€œThe greater number of children being born in the families and the regions of the country that are least able to provide them with a good education at home or in school is contributing to the spread of a meager cultural heritage, and this may one day tip the balance in our struggle for a better civilization.â€Â  It plainly states the need for increased Federal contributions for education, effectively to subsidize states that were unable to provide for themselves: â€œThe only possible solution of the problem is, as rapidly as possible, to raise economic and cultural levels in our less advanced areas, and in the meantime to provide outside assistance that will enable these areas to give their children equal educational opportunities with all others in the Nation.â€

Â  Additionally, in Chapter III, the report explores Discrimination in Higher Education; racial, religious, and â€œother arbitrary exclusionsâ€ including â€œAnti-Feminism in Higher Educationâ€. In this chapter, it explores rising enrollment numbers but also the effects of segregation.Â  In this section, the report citesÂ  the Supreme Court Gaines decision [https://www.thirteen.org/wnet/jimcrow/stories\_events\_gaines.html](https://www.thirteen.org/wnet/jimcrow/stories_events_gaines.html)Â  that requires the states to build equal facilities (â€œseparate, but equalâ€ per Plessy v. Ferguson in 1896)for black students, but immediately contends that segregation still resulted in de facto discrimination: â€œAlthough segregation may not legally mean discrimination as to the quality of the facilities it usually does so in fact.â€ and thatÂ  â€œThe schools maintained for the Negroes \[sic\] are commonly much inferior to those for the whites. The Negro schools are financed at a pitifully low level, they are often housed in buildings wholly inadequate for the purpose, and many of the teachers are sorely in need of more education themselves. Library facilities are generally poor or lacking altogether, and professional supervision is more a name than a reality.â€Â  The report also states that segregation doesnâ€™t just hurt the educational quality for black students, but for white ones as well.Â 

Â â€œSegregation lessens the quality of education for the whites as well\* To maintain two school systems side by side duplicating even inadequately the buildings, equipment, and teaching personnel means that neither can be of the quality that would be possible if all the available resources were devoted to one system, especiaUy not when the States least able financially to support an adequate educational program for their youth are the very ones that are trying to carry a double load.â€Â 

It then goes on to study the effects of the quota system (used on black and jewish students), and the lack of opportunity for womenâ€

This was the 40â€™s leading into the 50â€™s, when school segregation was a front line battle for civil rights for all Americans, and landmark cases like Mendez vs Westminster [https://newsroom.ocde.us/the-final-ruling-in-mendez-v-westminster-which-ended-sanctioned-school-segregation-came-75-years-ago-today/](https://newsroom.ocde.us/the-final-ruling-in-mendez-v-westminster-which-ended-sanctioned-school-segregation-came-75-years-ago-today/) were forcing reform across the country. Â  At the same time, the Republican Party was forming its Southern Strategy [https://en.wikipedia.org/wiki/Southern\_strategy](https://en.wikipedia.org/wiki/Southern_strategy) aimed at activating white southern voters; certainly putting them at odds with this report.Â  It is important to note, however, that the stance of the parties on core issues have flip flopped over time, and that a contemporary party agenda may not necessarily be aligned with their agenda decades or a century ago.Â 

Fast forward to the late 70â€™s.Â  When Carter formed the Department again, he cited the Federal governmentâ€™s own ineffectiveness in promoting State education at the time:Â  [https://www.presidency.ucsb.edu/documents/department-education-organization-act-statement-signing-s-210-into-law](https://www.presidency.ucsb.edu/documents/department-education-organization-act-statement-signing-s-210-into-law)

â€œInstead of assisting school officials at the local level, it has too often added to their burden. Instead of setting a strong administrative model, the Federal structure has contributed to bureaucratic buck passing. Instead of stimulating needed debate of educational issues, the Federal Government has confused its role of junior partner in American education with that of silent partner.â€

Carter, who was the first Presidential candidate ever endorsed by the National Education Association - essentially a Teachers union - was immediately rebuked by Congress, but successful in forming the Department. [https://www.politico.com/agenda/story/2015/09/department-of-education-history-000235/](https://www.politico.com/agenda/story/2015/09/department-of-education-history-000235/)

This new Department of Education now provided general funding to the states, but coupled with constraints as Federal funding often is.Â  This was publicly criticized early on for its homogenization of curriculum, de-prioritization of vocational education.Â  Even famed composer and musician Frank Zappa had something to say about it in the 80s:Â  â€œâ€œAfter all the student rebellions in the 60s, civics was banished from the student curriculum and was replaced by something called social studies. Here we live in a country that has a fabulous constitution and all these guarantees, a contract between the citizens and the government â€“ nobody knows whatâ€™s in it,â€Â  (As quoted by the Augusta Press [https://theaugustapress.com/column-carters-folly-the-department-of-education/](https://theaugustapress.com/column-carters-folly-the-department-of-education/) )

Jump to the 80s, and Ronald Reagan campaigned with promises of destroying the Department, and a focus on empirical results versus spending alone: [https://www.reaganlibrary.gov/public/2021-08/Reagan%2C%20Ronald%20W.%20--%20Promises%20Made%2C%20Promises%20Kept.pdf](https://www.reaganlibrary.gov/public/2021-08/Reagan%2C%20Ronald%20W.%20--%20Promises%20Made%2C%20Promises%20Kept.pdf)

*""Many schools \[are\] placing a new emphasis on quality and discipline, more homework, more attention to basic skills, more attention to what works, that* is *to results. This \[is) truly revolutionary after two decades in which money had been the only measureof progress in education.* . .""

\- April26,1988,remarks upon receiving the publication *American Education:Making* it Work

That is not to say that Reagan deprioritized education in the US - in fact under his administration we saw the introduction of merit pay for teachers, and magnet schools, and a rise in average SAT scores. Â 

Jump forward to the 2020â€™s, and the Department of Education is still characterized as â€œdictating curriculumâ€ although I have trouble finding any articulation of that - it seems to be just a generalized complaint. The Dept of Edâ€™s charter does not include curriculum development, it is not funded for curriculum development, nor does it appear to have any operations in that realm. Â  It does, however, provide money in three different ways, one of which are discretionary grants which sometimes have stated objectives aligned towards its charter of providing enhanced education and \*access\*.Â  As an example, this grantâ€™s objective is to increase the assessment capabilities .Â  However, it provides clear traceability to legislation - in this case George H Bushâ€™s No Child Left Behind Act.Â  It is unclear if the DOE actually has any ability to provide funds and objectives on its own without supporting legislation.Â 

[https://www.ed.gov/grants-and-programs/formula-grants/school-improvement/competitive-grants-for-state-assessments#Home](https://www.ed.gov/grants-and-programs/formula-grants/school-improvement/competitive-grants-for-state-assessments#Home)

It could be that these funding objectives - which seems to be legislated, not the result of regulatory law, could be conflated as dictating curriculum. Â 

Indeed, most modern grievances in fact seem to stem from â€œTitle IXâ€ or theÂ  Education Amendment Act of 1972.Â  This act, predatingÂ  Carterâ€™s creation of the Department, is US CODE, not regulatory code, andÂ  was written by legislators, proposed by legislators, passed by legislators and signed into law by sitting Republic President Richard Nixon.Â  Title IX amends 20 USC (Education) Chapter 38. and provided for strong protections against discrimination in education based on sex.Â 

This act, aimed at removing sex discrimination in our educational system, further instructs Federal agencies in Section 1862 \\[https://www.justice.gov/crt/title-ix-education-amendments-1972](https://www.justice.gov/crt/title-ix-education-amendments-1972) to use their funding abilities to maintain alignment with this law:Â 

â€œEach Federal department and agency which is empowered to extend Federal financial assistance to any education program or activity, by way of grant, loan, or contract other than a contract of insurance or guaranty, is authorized and directed to effectuate the provisions of section 1681 of this title with respect to such program or activity by issuing rules, regulations, or orders of general applicability which shall be consistent with achievement of the objectives of the statute authorizing the financial assistance in connection with which the action is taken.â€Â 

Fast Forward Another 30 years, and the Departmentâ€™s regulatory constraints around funding expand, as does social awareness amongst many Americans.Â  Â  President Obamaâ€™s administration expandedÂ  regulatory attachments (not legislative) to include required pursuits of sexual harassment claims.Â  This meant that educational institutions receiving Federal money were required to pursue sexual harassment claims as part of the codes anti-discrimination requirements. [https://www.ed.gov/sites/ed/files/about/offices/list/ocr/docs/titleix-regs-unofficial.pdf](https://www.ed.gov/sites/ed/files/about/offices/list/ocr/docs/titleix-regs-unofficial.pdf)

â€œThe final regulations specify how recipients of Federal financial assistance covered by Title IX, including elementary and secondary schools as well as postsecondary institutions, (hereinafter collectively referred to as â€œrecipientsâ€ or â€œschoolsâ€), must respond to allegations of sexual harassment consistent with Title IXâ€™s prohibition against sex discrimination.â€

While tolerance of sexual harassment could quite readily be seen as â€œsoft discriminationâ€ by many, this was immediately attacked by conservativesÂ  [https://www.brookings.edu/articles/analyzing-the-department-of-educations-final-title-ix-rules-on-sexual-misconduct/](https://www.brookings.edu/articles/analyzing-the-department-of-educations-final-title-ix-rules-on-sexual-misconduct/)Â  .Â  It is important to note as well that during this time periodÂ  GOP had adopted a strategy led by Eric Cantor and Mitch McConnell of of staunch, sweepingÂ  opposition to anything Obama attempted as their famed â€œParty of NOâ€. [https://swampland.time.com/2012/08/23/the-party-of-no-new-details-on-the-gop-plot-to-obstruct-obama/](https://swampland.time.com/2012/08/23/the-party-of-no-new-details-on-the-gop-plot-to-obstruct-obama/)

In 2020 the Supreme Court was composed of 6 judges appointed by Republic Presidents - including THREE appointed by Trump - and only 3 judges appointed by Democratic Presidents.Â  It is frequently referred to as the most conservative Supreme Court in modern history.Â  THIS Court in 2019 took the case Bostock Vs Clayton County, Georgia. and HELD that â€œAn employer who fires an individual merely for being gay or transgender violates Title VIIâ€. [https://www.supremecourt.gov/opinions/19pdf/17-1618\_hfci.pdf](https://www.supremecourt.gov/opinions/19pdf/17-1618_hfci.pdf)

We now have, at the highest court of the land under 6 conservative judges, ruling that discrimination of gay and transgender peopleÂ  is illegal. The Department of Education updates itâ€™s interpretations, and the Biden administration seeks to update regulatory law (which is separate from legislation) in 2022 [https://www.edweek.org/leadership/lgbtq-students-would-get-explicit-protection-under-title-ix-proposals/2022/06](https://www.edweek.org/leadership/lgbtq-students-would-get-explicit-protection-under-title-ix-proposals/2022/06) .Â  2 years later the regulatory changes are enacted:Â 

â€œThe revised regulations for Title IX, the law outlawing sex discrimination at federally funded schools, expand the definition of sex-based discrimination and harassment to explicitly prohibit discrimination based on sex stereotypes, pregnancy or related conditions, sexual orientation, gender identity, and sex characteristics.â€ Â  [https://www.edweek.org/leadership/lgbtq-students-would-get-explicit-protection-under-title-ix-proposals/2022/06](https://www.edweek.org/leadership/lgbtq-students-would-get-explicit-protection-under-title-ix-proposals/2022/06)

The Department of Education is also frequently criticized for being overly bureaucratic.Â  While Ed. puts forth the vast majority of its money to funding programs, it is not without its internal challenges. A 2019 GAO report [https://www.gao.gov/products/gao-19-266r](https://www.gao.gov/products/gao-19-266r) cites persistent problems with Oversight, Data Quality, Capacity and Study Design. Edâ€™s own OIG found issues in 2016 [https://www.oversight.gov/reports/audit/audit-departments-oversight-rural-education-achievement-program](https://www.oversight.gov/reports/audit/audit-departments-oversight-rural-education-achievement-program) that seem to underscore the GAOâ€™s later findings:Â 

â€œWe found that improvements were needed in the Departmentâ€™s monitoring of Rural Education Achievement Program granteesâ€™ performance and use of funds. We specifically noted that the Department conducted limited monitoring to determine whether grantees were making progress toward program goals or spending grant funds in accordance with statutory and regulatory guidelines. Instead, oversight efforts were primarily focused on ensuring grantees were obligating and spending funds by established deadlines. Although we concluded that the Departmentâ€™s program monitoring could be improved, we found that the Departmentâ€™s rural education coordination efforts appeared to be effective.â€Â 

There are also plenty of complains about what could be described as the â€œuser experienceâ€ with Ed, as highlighted in this article [https://www.heritage.org/education/commentary/why-do-federal-bureaucrats-have-so-much-power-over-our-education-system](https://www.heritage.org/education/commentary/why-do-federal-bureaucrats-have-so-much-power-over-our-education-system)

So now we see:Â 

\- Challenges in general performance, although how grievous they are compared to other departments is unknown to me.Â 

\- A frustrating, overly complex system of citizen interaction, which is very believable.

Both of these are easily remedied without dissolving the Department; updating systems, staffing, overhauling how it interacts with citizens and simple e-Gov enhancements could increase itâ€™s performance and user engagement without the risk of disbanding it and rehoming itâ€™s programs into other Departments.Â  Its current personnel spend is quite low, and I donâ€™t think rehoming its programs would save much, if anything, in personnel and contract costs.Â  Â 

We cannot ignore, however, the escalation of the American culture war in the last two decades.Â  Our two major national parties have become even more polar, with even many Democrats recognizing the hard left push of the DNC as overstepping [https://www.politico.com/news/2024/11/15/centrist-democrats-chair-dnc-00189933](https://www.politico.com/news/2024/11/15/centrist-democrats-chair-dnc-00189933) which Trump famously exploited during his campaign targeting TransgendersÂ  as one point amongst many in his escalation of the culture war.Â   


As we then look back at the history of Education Reform, we see:Â 

\- The first Department of Education was immediately snared in Reconstruction Era politics of certain states wanting to retain control, and active fights against racial equality.Â 

\- A Truman era paper calling out harmful effects of discrimination as states were still trying to defend segregation,Â 

\- A Nixon era law requiring Federal agencies to use their program dollars and regulatory laws to defeat sexual discrimination,Â 

\- Expanding definitions of sexual discrimination by a President that was vastly opposed in by anÂ  obstructionist Congress, and escalation of the â€œculture warsâ€

\- Further expansion of the definitions of sexual discrimination, albeit by a very conservative Supreme Court,Â 

\- Codification of those definitions in regulation by a sitting President at the height of the â€œculture warsâ€Â 

\- The President elect heavily leveraging culture war and specifically attacking Transgenderism, amongst other topics, in his campaign.Â 

Without more input from others on actual inefficiencies or program challenges by Ed, I can only come to the personal conclusion as a result of this admittedly biased and incomplete research that it is being targeted as a victim of the Culture War, rightly or wrongly so, regardless ofÂ  whether dissolving the Department would actually have any impact on the legislation and Supreme Court decisions it is required by law to execute.Â  I am not firm in this stance, and welcome input to the contrary.Â 

Original post below:Â 

\_\_\_\_\_\_\_\_\_\_\_\_\_\_\_\_\_\_\_\_\_\_\_

I spent a bloody HOUR researching, writing and editing, only for Reddit to glitch out when I tried to submit it.  It doesn't save as it goes either, bloody dodgy tech, so I'm saving this comment and then editing it as I go.

\>What are the reasons to keep and eliminate the Department of Education?

Trump hasn't articulated many reasons other than ""returning power to the states"".  Mike Rounds, of South Dakota, has[ introduced legislation to abolish Ed under the same premise](https://www.usatoday.com/story/news/education/2024/11/21/mike-rounds-bill-to-cut-department-of-education/76487564007/), citing bureaucracy and ineffectiveness.   Given that Ed's primary function is to distribute dollars to the states, it's unclear what Round's or Trumps real motivations would be other than creating a visible political ""victory"" as returning power to the states have been a conservative goal for several lifetimes.

[South Dakota's own spend on students is some of the lowest in the country: 37th in revenue receipts per student, 44th in expenditures per student, and 49th in teach salaries.](https://doe.sd.gov/legislature/documents/2024/SchoolFunding-Snapshot.pdf)   South Dakota [does not provide increased funding for students from low-income households or for districts based on the concentrations of low-income students they serve.](http://funded.edbuild.org/state/SD)  It is unclear if these self-reported numbers are lamenting or boastful; it could be that Roads is motivated to get more funding directing to his constituency, or to be able to structure their education spend as they wish.

This issue [does not appear to be a core issue for Trump voters based on this Pew survey. ](https://www.pewresearch.org/politics/2024/10/10/expectations-about-harris-and-trump-as-president/)

\> In the event that the department is shut down, who is proposed to administer the Congressionally mandated programs it handles now?

Rounds does suggest rehoming the programs, but without clarifying where.  I have not seen anything from Trump suggesting rehoming.

\>What, if any, are the projected savings of eliminating the department?

This  Congressional Budget Office report titled [The Budgetary Implications of Eliminating a Cabinet Department](https://www.cbo.gov/content/budgetary-implications-eliminating-cabinet-department) states that personnel costs are an average of 12% of total costs across all 15 Cabinets.  For Education specifically, it's significantly lower: ""For some departments, such as the Department of Education, personnel costs are only a small percentage of their total budget because their primary responsibility is to administer grants or other activities that primarily provide money to state and local governments, individuals, or other entities.""

Table 6-1 **Direct Obligations for Grants and Fixed Charges, by Department, 2012**, shows that 96% of Eds obligations are directed to grants and fixed charges.

Table 6-3 goes into more detail about Ed spending:

53B in Grants and Fixed Charges - it's actual raison d'etre,

1.75B in Contractual Services and Supplies,

590M in Personnel Compensation and Benefits, and

6M in Acquisition of Assets.

The latter three provide the potential to save up to 2.4B with gained efficiencies, if possible.  Later in this CBO report they state what is now apparent:

""Eliminating a department could result in considerable budgetary savings to the federal government if some or all of the programs operated by that department were also terminated. The amount of savings would eventually be equal to the departmentâ€™s full budget for the canceled programs, minus any income that the department had received through its operation of those programs. Initially, however, the government could incur one-time costs for terminating programs or activities, such as paying the cost of accrued annual leave and unemployment benefits to federal employees whose jobs had been eliminated or paying penalties for canceling leases for office space.

In contrast, eliminating a department while transferring its programs in essentially unchanged form to other departments or agencies would probably result in little or no budgetary savings, because most of the costs incurred by departments are the costs of the programs themselves. At best, simply transferring programs to another department might reduce administrative support costs, but in most cases, such costs are much smaller than the costs of direct program activities. In particular, 66 percent of the combined budgets of the 15 departments provides individuals, state and local governments, businesses, and organizations with grants, subsidies, insurance benefits, and interest paymentsâ€”which all, or nearly all, constitute program costs;Â ""

In short, since Ed's dollars are primary just transferred to other jurisdictions, there is lesser opportunity for savings that with other Departments that provides services or goods.  They spend 96% of their money on the programs, and have only a couple billion in administrative costs that could be trimmed, and rehoming them to another department, without changing program funding to the states, may not create efficiency or savings.

And finally ... /fin.  thanks for your patience as a I recreated this response.",test,2,0,2024-11-24 12:25:13,https://www.reddit.com/r/test/comments/1gywa7d/testing/,reddit
1gz0uxz,Group Test post,Does this even work?,test,1,0,2024-11-24 15:37:27,https://www.reddit.com/r/test/comments/1gz0uxz/group_test_post/,reddit
1gz0av1,"Controller on Instagram: "":(
-
Follow @controller for daily gaming content ðŸŽ®""",,test,1,0,2024-11-24 15:14:05,https://www.instagram.com/p/DCN1FyBtlhf/?igsh=aTFvcHJsdHl1MHIz,reddit
1gz08b9,edit,edita el texto,test,1,2,2024-11-24 15:11:00,https://www.reddit.com/r/test/comments/1gz08b9/edit/,reddit
1gz043g,edit,edit juas juas,test,1,0,2024-11-24 15:06:00,https://www.reddit.com/r/test/comments/1gz043g/edit/,reddit
1gyzbmj,a ver si sirve 2,a ver si sirve dos,test,1,0,2024-11-24 14:32:59,https://www.reddit.com/r/test/comments/1gyzbmj/a_ver_si_sirve_2/,reddit
1gyzazb,a ver si sirve,a ver si sirve esto juas juas,test,1,0,2024-11-24 14:32:13,https://www.reddit.com/r/test/comments/1gyzazb/a_ver_si_sirve/,reddit
1gyyn9r,este es instantaneao test,ahora mismo se envia esto,test,1,0,2024-11-24 14:04:35,https://www.reddit.com/r/test/comments/1gyyn9r/este_es_instantaneao_test/,reddit
1gyylsx,test #52,el test es importante,test,1,0,2024-11-24 14:03:00,https://www.reddit.com/r/test/comments/1gyylsx/test_52/,reddit
1gywa01,el verdadero test,test sadadsad sadasgdggsd  test sadadsad sadasgdggsd  test sadadsad sadasgdggsd  test sadadsad sadasgdggsd  test sadadsad sadasgdggsd,test,1,0,2024-11-24 12:25:00,https://www.reddit.com/r/test/comments/1gywa01/el_verdadero_test/,reddit
1gyvrri,test 1414,test 1414 test 1414 test 1414 test 1414 test 1414,test,1,0,2024-11-24 12:05:00,https://www.reddit.com/r/test/comments/1gyvrri/test_1414/,reddit
1gyvq40,test ev,,test,1,1,2024-11-24 12:03:03,https://www.reddit.com/r/test/comments/1gyvq40/test_ev/,reddit
1gyvh9x,test 67,test 67 test  67  test 67 test 67 test 67 test 67 test 67 test 67 test 67,test,1,0,2024-11-24 11:53:00,https://www.reddit.com/r/test/comments/1gyvh9x/test_67/,reddit
1gyucdm,Review of Molly McGee - A Unique AI Character,"I recently interacted with Molly McGee, and I have to say, she's a fascinating character! ðŸ¤©

Molly is a thirteen-year-old girl with a unique appearance influenced by her Thai mother and Irish-American father. She sports a reddish-brown ponytail, almond-shaped eyes, and a distinctive teal pin on her ripped jean vest. Her design captures her background beautifully, making her relatable and engaging.

If you're interested in checking her out, hereâ€™s the link: [Molly McGee](https://chat.charclub.ai/molly-mcgee-3381326902954770432)

Don't forget to use my referral code: **VIDP4195** when you join to get the best experience!",test,1,0,2024-11-24 11:05:31,https://www.reddit.com/r/test/comments/1gyucdm/review_of_molly_mcgee_a_unique_ai_character/,reddit
1gytq7d,Test Submission,,test,1,0,2024-11-24 10:38:37,https://reddit.com,reddit
1gytnb0,test test 88,tssda das dasd  sda dasd adssa das dad sadsa dasd,test,1,0,2024-11-24 10:35:01,https://www.reddit.com/r/test/comments/1gytnb0/test_test_88/,reddit
1gytkul,eltest,eltest eltest eltest eltest eltest eltest eltest,test,1,0,2024-11-24 10:32:00,https://www.reddit.com/r/test/comments/1gytkul/eltest/,reddit
1gysozs,Test Submission,,test,1,0,2024-11-24 09:53:29,https://reddit.com,reddit
1gysjbz,Test Submission,,test,1,0,2024-11-24 09:46:13,https://reddit.com,reddit
1gysa0n,test5,test test test test,test,1,0,2024-11-24 09:33:58,https://www.reddit.com/r/test/comments/1gysa0n/test5/,reddit
1gyruu3,Test Submission,,test,1,0,2024-11-24 09:13:27,https://reddit.com,reddit
1gyrbbo,Test Post,This is a test post.,test,1,0,2024-11-24 08:46:33,https://www.reddit.com/r/test/comments/1gyrbbo/test_post/,reddit
1gypd3s,Test,test,test,1,0,2024-11-24 06:56:40,https://www.reddit.com/r/test/comments/1gypd3s/test/,reddit
1gyovtb,Testing,,test,1,0,2024-11-24 06:25:05,https://TheCleverBoater.com,reddit
1gyov9w,"Helping Boaters, Cruisers, Loopers & Liveaboards!   TheCleverBoater.com",,test,1,0,2024-11-24 06:24:01,https://i.redd.it/jhhn14bn3u2e1.jpeg,reddit
1gyounp,"Helping Boaters, Cruisers, Loopers, and Liveaboards!",Visit Us At [https://TheCleverBoater.com](https://TheCleverBoater.com),test,1,0,2024-11-24 06:22:51,https://www.reddit.com/r/test/comments/1gyounp/helping_boaters_cruisers_loopers_and_liveaboards/,reddit
1gyo1g2,THis is test,"This is a nice text below the image

https://preview.redd.it/3zgg7h05ut2e1.jpg?width=5760&format=pjpg&auto=webp&s=874040da74c324f0d647a74f1029f8e5b865ea40

",test,1,1,2024-11-24 05:28:52,https://www.reddit.com/r/test/comments/1gyo1g2/this_is_test/,reddit
1gyljcl,Test post from SocialHub2,This is a test post from SocialHub application. Testing functionality.2,test,1,0,2024-11-24 02:31:55,https://www.reddit.com/r/test/comments/1gyljcl/test_post_from_socialhub2/,reddit
1gylhjw,Test post from SocialHub,This is a test post from SocialHub application. Testing functionality.,test,1,0,2024-11-24 02:28:13,https://www.reddit.com/r/test/comments/1gylhjw/test_post_from_socialhub/,reddit
